[
{
	"date": "2013-11-03",
	"total": "1830.86"
},
{
	"date": "2013-11-02",
	"total": "4256.53"
},
{
	"date": "2013-11-01",
	"total": "3522.94"
},
{
	"date": "2013-10-31",
	"total": "5910.70"
},
{
	"date": "2013-10-30",
	"total": "5905.80"
},
{
	"date": "2013-10-29",
	"total": "2897.63"
},
{
	"date": "2013-10-28",
	"total": "5973.54"
},
{
	"date": "2013-10-27",
	"total": "2510.70"
},
{
	"date": "2013-10-26",
	"total": "3584.12"
},
{
	"date": "2013-10-25",
	"total": "5861.86"
},
{
	"date": "2013-10-24",
	"total": "5156.58"
},
{
	"date": "2013-10-23",
	"total": "4084.65"
},
{
	"date": "2013-10-22",
	"total": "4985.77"
},
{
	"date": "2013-10-21",
	"total": "5491.32"
},
{
	"date": "2013-10-20",
	"total": "5401.93"
},
{
	"date": "2013-10-19",
	"total": "1064.14"
},
{
	"date": "2013-10-18",
	"total": "4889.69"
},
{
	"date": "2013-10-17",
	"total": "3663.35"
},
{
	"date": "2013-10-16",
	"total": "3987.56"
},
{
	"date": "2013-10-15",
	"total": "5787.62"
},
{
	"date": "2013-10-14",
	"total": "2494.40"
},
{
	"date": "2013-10-13",
	"total": "1854.36"
},
{
	"date": "2013-10-12",
	"total": "5145.52"
},
{
	"date": "2013-10-11",
	"total": "5831.41"
},
{
	"date": "2013-10-10",
	"total": "3478.94"
},
{
	"date": "2013-10-09",
	"total": "1963.39"
},
{
	"date": "2013-10-08",
	"total": "3407.82"
},
{
	"date": "2013-10-07",
	"total": "5735.35"
},
{
	"date": "2013-10-06",
	"total": "3790.86"
},
{
	"date": "2013-10-05",
	"total": "3657.49"
},
{
	"date": "2013-10-04",
	"total": "4875.58"
},
{
	"date": "2013-10-03",
	"total": "3422.59"
},
{
	"date": "2013-10-02",
	"total": "2041.11"
},
{
	"date": "2013-10-01",
	"total": "5176.82"
},
{
	"date": "2013-09-30",
	"total": "3658.81"
},
{
	"date": "2013-09-29",
	"total": "2919.84"
},
{
	"date": "2013-09-28",
	"total": "1647.59"
},
{
	"date": "2013-09-27",
	"total": "1618.96"
},
{
	"date": "2013-09-26",
	"total": "1138.18"
},
{
	"date": "2013-09-25",
	"total": "2521.57"
},
{
	"date": "2013-09-24",
	"total": "1140.54"
},
{
	"date": "2013-09-23",
	"total": "5251.55"
},
{
	"date": "2013-09-22",
	"total": "2532.81"
},
{
	"date": "2013-09-21",
	"total": "4941.87"
},
{
	"date": "2013-09-20",
	"total": "4210.38"
},
{
	"date": "2013-09-19",
	"total": "2512.47"
},
{
	"date": "2013-09-18",
	"total": "5319.80"
},
{
	"date": "2013-09-17",
	"total": "5850.16"
},
{
	"date": "2013-09-16",
	"total": "5019.82"
},
{
	"date": "2013-09-15",
	"total": "5388.40"
},
{
	"date": "2013-09-14",
	"total": "3988.33"
},
{
	"date": "2013-09-13",
	"total": "1829.75"
},
{
	"date": "2013-09-12",
	"total": "5080.36"
},
{
	"date": "2013-09-11",
	"total": "4427.85"
},
{
	"date": "2013-09-10",
	"total": "2898.99"
},
{
	"date": "2013-09-09",
	"total": "2835.46"
},
{
	"date": "2013-09-08",
	"total": "3432.29"
},
{
	"date": "2013-09-07",
	"total": "5587.81"
},
{
	"date": "2013-09-06",
	"total": "1071.73"
},
{
	"date": "2013-09-05",
	"total": "4286.69"
},
{
	"date": "2013-09-04",
	"total": "1125.96"
},
{
	"date": "2013-09-03",
	"total": "1365.89"
},
{
	"date": "2013-09-02",
	"total": "4731.13"
},
{
	"date": "2013-09-01",
	"total": "5805.59"
},
{
	"date": "2013-08-31",
	"total": "5240.85"
},
{
	"date": "2013-08-30",
	"total": "5428.50"
},
{
	"date": "2013-08-29",
	"total": "1499.14"
},
{
	"date": "2013-08-28",
	"total": "1862.92"
},
{
	"date": "2013-08-27",
	"total": "2705.87"
},
{
	"date": "2013-08-26",
	"total": "4798.74"
},
{
	"date": "2013-08-25",
	"total": "5239.21"
},
{
	"date": "2013-08-24",
	"total": "1642.40"
},
{
	"date": "2013-08-23",
	"total": "2719.14"
},
{
	"date": "2013-08-22",
	"total": "1634.42"
},
{
	"date": "2013-08-21",
	"total": "4757.80"
},
{
	"date": "2013-08-20",
	"total": "1071.79"
},
{
	"date": "2013-08-19",
	"total": "4718.17"
},
{
	"date": "2013-08-18",
	"total": "4327.54"
},
{
	"date": "2013-08-17",
	"total": "1652.66"
},
{
	"date": "2013-08-16",
	"total": "1197.98"
},
{
	"date": "2013-08-15",
	"total": "3323.93"
},
{
	"date": "2013-08-14",
	"total": "3120.60"
},
{
	"date": "2013-08-13",
	"total": "5883.63"
},
{
	"date": "2013-08-12",
	"total": "3402.38"
},
{
	"date": "2013-08-11",
	"total": "3273.31"
},
{
	"date": "2013-08-10",
	"total": "1191.37"
},
{
	"date": "2013-08-09",
	"total": "2833.24"
},
{
	"date": "2013-08-08",
	"total": "4182.73"
},
{
	"date": "2013-08-07",
	"total": "2062.78"
},
{
	"date": "2013-08-06",
	"total": "1343.96"
},
{
	"date": "2013-08-05",
	"total": "3737.17"
},
{
	"date": "2013-08-04",
	"total": "4702.36"
},
{
	"date": "2013-08-03",
	"total": "1852.46"
},
{
	"date": "2013-08-02",
	"total": "4902.37"
},
{
	"date": "2013-08-01",
	"total": "1159.83"
},
{
	"date": "2013-07-31",
	"total": "2396.54"
},
{
	"date": "2013-07-30",
	"total": "4725.73"
},
{
	"date": "2013-07-29",
	"total": "1305.74"
},
{
	"date": "2013-07-28",
	"total": "2499.58"
},
{
	"date": "2013-07-27",
	"total": "1194.77"
},
{
	"date": "2013-07-25",
	"total": "4908.16"
},
{
	"date": "2013-07-24",
	"total": "1282.23"
},
{
	"date": "2013-07-23",
	"total": "2219.72"
},
{
	"date": "2013-07-22",
	"total": "5293.51"
},
{
	"date": "2013-07-21",
	"total": "3281.93"
},
{
	"date": "2013-07-20",
	"total": "3101.10"
},
{
	"date": "2013-07-19",
	"total": "1050.24"
},
{
	"date": "2013-07-18",
	"total": "2471.26"
},
{
	"date": "2013-07-17",
	"total": "3831.16"
},
{
	"date": "2013-07-16",
	"total": "3407.63"
},
{
	"date": "2013-07-15",
	"total": "5473.78"
},
{
	"date": "2013-07-14",
	"total": "1473.67"
},
{
	"date": "2013-07-13",
	"total": "3321.24"
},
{
	"date": "2013-07-12",
	"total": "2805.78"
},
{
	"date": "2013-07-11",
	"total": "4486.45"
},
{
	"date": "2013-07-10",
	"total": "3592.53"
},
{
	"date": "2013-07-09",
	"total": "3385.61"
},
{
	"date": "2013-07-08",
	"total": "4134.74"
},
{
	"date": "2013-07-07",
	"total": "2339.53"
},
{
	"date": "2013-07-06",
	"total": "1885.75"
},
{
	"date": "2013-07-05",
	"total": "3063.63"
},
{
	"date": "2013-07-04",
	"total": "4637.48"
},
{
	"date": "2013-07-03",
	"total": "4789.11"
},
{
	"date": "2013-07-02",
	"total": "4017.39"
},
{
	"date": "2013-07-01",
	"total": "1481.17"
},
{
	"date": "2013-06-30",
	"total": "5610.99"
},
{
	"date": "2013-06-29",
	"total": "5228.11"
},
{
	"date": "2013-06-28",
	"total": "4152.37"
},
{
	"date": "2013-06-27",
	"total": "1861.99"
},
{
	"date": "2013-06-26",
	"total": "1369.88"
},
{
	"date": "2013-06-25",
	"total": "2956.63"
},
{
	"date": "2013-06-24",
	"total": "2741.88"
},
{
	"date": "2013-06-23",
	"total": "1835.97"
},
{
	"date": "2013-06-22",
	"total": "3946.49"
},
{
	"date": "2013-06-21",
	"total": "3302.78"
},
{
	"date": "2013-06-20",
	"total": "1794.88"
},
{
	"date": "2013-06-19",
	"total": "2819.89"
},
{
	"date": "2013-06-18",
	"total": "2478.20"
},
{
	"date": "2013-06-17",
	"total": "5540.90"
},
{
	"date": "2013-06-16",
	"total": "3227.10"
},
{
	"date": "2013-06-15",
	"total": "5919.43"
},
{
	"date": "2013-06-14",
	"total": "5976.84"
},
{
	"date": "2013-06-13",
	"total": "2920.66"
},
{
	"date": "2013-06-12",
	"total": "1695.60"
},
{
	"date": "2013-06-11",
	"total": "4084.29"
},
{
	"date": "2013-06-10",
	"total": "3130.10"
},
{
	"date": "2013-06-09",
	"total": "5026.79"
},
{
	"date": "2013-06-08",
	"total": "5383.97"
},
{
	"date": "2013-06-07",
	"total": "4747.51"
},
{
	"date": "2013-06-06",
	"total": "3036.28"
},
{
	"date": "2013-06-05",
	"total": "2161.60"
},
{
	"date": "2013-06-04",
	"total": "1413.63"
},
{
	"date": "2013-06-03",
	"total": "3263.44"
},
{
	"date": "2013-06-02",
	"total": "4588.42"
},
{
	"date": "2013-06-01",
	"total": "2385.24"
},
{
	"date": "2013-05-31",
	"total": "2823.33"
},
{
	"date": "2013-05-30",
	"total": "3652.42"
},
{
	"date": "2013-05-29",
	"total": "1450.92"
},
{
	"date": "2013-05-28",
	"total": "5926.30"
},
{
	"date": "2013-05-27",
	"total": "3355.64"
},
{
	"date": "2013-05-26",
	"total": "3210.90"
},
{
	"date": "2013-05-25",
	"total": "4050.32"
},
{
	"date": "2013-05-24",
	"total": "4356.53"
},
{
	"date": "2013-05-23",
	"total": "2096.47"
},
{
	"date": "2013-05-22",
	"total": "5762.66"
},
{
	"date": "2013-05-21",
	"total": "4151.26"
},
{
	"date": "2013-05-20",
	"total": "1963.74"
},
{
	"date": "2013-05-19",
	"total": "4902.68"
},
{
	"date": "2013-05-18",
	"total": "1455.54"
},
{
	"date": "2013-05-17",
	"total": "1028.43"
},
{
	"date": "2013-05-16",
	"total": "4305.43"
},
{
	"date": "2013-05-15",
	"total": "4145.27"
},
{
	"date": "2013-05-14",
	"total": "4651.74"
},
{
	"date": "2013-05-13",
	"total": "1529.74"
},
{
	"date": "2013-05-12",
	"total": "5742.61"
},
{
	"date": "2013-05-11",
	"total": "2586.45"
},
{
	"date": "2013-05-10",
	"total": "3369.93"
},
{
	"date": "2013-05-09",
	"total": "4186.23"
},
{
	"date": "2013-05-08",
	"total": "3068.87"
},
{
	"date": "2013-05-07",
	"total": "3827.42"
},
{
	"date": "2013-05-06",
	"total": "3414.27"
},
{
	"date": "2013-05-05",
	"total": "3752.70"
},
{
	"date": "2013-05-04",
	"total": "5543.39"
},
{
	"date": "2013-05-03",
	"total": "2603.99"
},
{
	"date": "2013-05-02",
	"total": "5144.39"
},
{
	"date": "2013-05-01",
	"total": "2840.54"
},
{
	"date": "2013-04-30",
	"total": "4483.99"
},
{
	"date": "2013-04-29",
	"total": "4405.48"
},
{
	"date": "2013-04-28",
	"total": "4581.80"
},
{
	"date": "2013-04-27",
	"total": "1709.69"
},
{
	"date": "2013-04-26",
	"total": "2819.51"
},
{
	"date": "2013-04-25",
	"total": "1272.85"
},
{
	"date": "2013-04-24",
	"total": "2930.72"
},
{
	"date": "2013-04-23",
	"total": "5913.81"
},
{
	"date": "2013-04-22",
	"total": "3741.59"
},
{
	"date": "2013-04-21",
	"total": "1828.12"
},
{
	"date": "2013-04-20",
	"total": "4718.74"
},
{
	"date": "2013-04-19",
	"total": "4533.68"
},
{
	"date": "2013-04-18",
	"total": "1235.12"
}
]